index,dominant color,file name,timestamp
0,"['darkslategrey', 'linen', 'darkgrey', 'darkslategrey', 'black']",bs-apr10-bolder-2016-05-09-23-13-21-884,01
1,"['whitesmoke', 'darkgrey', 'darkslategrey', 'darkslategrey', 'black']",bs-apr10-bolder-2016-05-09-23-13-21-884,02
2,"['whitesmoke', 'darkslategrey', 'black', 'grey', 'black']",bs-apr10-bolder-2016-05-09-23-13-21-884,03
3,"['darkslategrey', 'dimgrey', 'black', 'lightgrey', 'black']",bs-apr10-bolder-2016-05-09-23-13-21-884,04
4,"['darkslategrey', 'gainsboro', 'dimgrey', 'silver', 'black']",bs-apr10-bolder-2016-05-09-23-13-21-884,05
5,"['darkgrey', 'gainsboro', 'lightgrey', 'darkslategrey', 'black']",bs-apr10-bolder-2016-05-09-23-13-21-884,06
6,"['dimgrey', 'lightgrey', 'grey', 'darkolivegreen', 'black']",bs-apr10-bolder-2016-05-09-23-13-21-884,07
7,"['darkslategrey', 'darkgrey', 'black', 'dimgrey', 'black']",bs-apr10-bolder-2016-05-09-23-13-21-884,08
8,"['darkslategrey', 'grey', 'darkgrey', 'dimgrey', 'black']",bs-apr10-bolder-2016-05-09-23-13-21-884,09
9,"['darkgrey', 'gainsboro', 'lightgrey', 'dimgrey', 'black']",bs-apr10-bolder-2016-05-09-23-13-21-884,10
10,"['darkgrey', 'lavender', 'lightgrey', 'dimgrey', 'black']",bs-apr10-bolder-2016-05-09-23-13-21-884,11
11,"['darkslategrey', 'gainsboro', 'dimgrey', 'rosybrown', 'black']",bs-apr10-bolder-2016-05-09-23-13-21-884,12
12,"['darkslategrey', 'dimgrey', 'gainsboro', 'darkgrey', 'black']",bs-apr10-bolder-2016-05-09-23-13-21-884,13
13,"['silver', 'darkslategrey', 'black', 'dimgrey', 'black']",bs-apr10-bolder-2016-05-09-23-13-21-884,14
14,"['darkslategrey', 'lavender', 'black', 'black', 'grey']",bs-apr10-bolder-2016-05-09-23-13-21-884,15
15,"['darkslategrey', 'lavender', 'black', 'grey', 'black']",bs-apr10-bolder-2016-05-09-23-13-21-884,16
16,"['grey', 'darkslategrey', 'black', 'darkslategrey', 'black']",bs-apr10-bolder-2016-05-09-23-13-21-884,17
17,"['black', 'grey', 'lightgrey', 'darkslategrey', 'black']",bs-apr10-bolder-2016-05-09-23-13-21-884,18
18,"['black', 'lightgrey', 'grey', 'darkslategrey', 'black']",bs-apr10-bolder-2016-05-09-23-13-21-884,19
19,"['dimgrey', 'darkslategrey', 'black', 'black', 'black']",bs-apr10-bolder-2016-05-09-23-13-21-884,20
20,"['darkslategrey', 'darkgrey', 'dimgrey', 'black', 'black']",bs-apr10-bolder-2016-05-09-23-13-21-884,21
21,"['grey', 'whitesmoke', 'gainsboro', 'darkolivegreen', 'black']",bs-apr10-bolder-2016-05-09-23-13-21-884,22
22,"['darkslategrey', 'grey', 'black', 'black', 'black']",bs-apr10-bolder-2016-05-09-23-13-21-884,23
23,"['darkslategrey', 'dimgrey', 'black', 'black', 'black']",bs-apr10-bolder-2016-05-09-23-13-21-884,24
24,"['darkslategrey', 'grey', 'black', 'black', 'black']",bs-apr10-bolder-2016-05-09-23-13-21-884,25
25,"['dimgrey', 'black', 'black', 'black', 'black']",bs-apr10-bolder-2016-05-09-23-13-21-884,26
26,"['darkslategrey', 'dimgrey', 'black', 'black', 'black']",bs-apr10-bolder-2016-05-09-23-13-21-884,27
27,"['darkslategrey', 'darkslategrey', 'black', 'black', 'grey']",bs-apr10-bolder-2016-05-09-23-13-21-884,28
28,"['black', 'black', 'black', 'black', 'black']",bs-apr10-bolder-2016-05-09-23-13-21-884,29
29,"['darkslategrey', 'black', 'dimgrey', 'rosybrown', 'black']",bs-apr10-bolder-2016-05-09-23-13-21-884,30
30,"['darkslategrey', 'black', 'rosybrown', 'dimgrey', 'black']",bs-apr10-bolder-2016-05-09-23-13-21-884,31
31,"['black', 'black']",bs-apr11-no-fracking-anywhere-2016-05-09-23-13-17-135,01
32,"['gainsboro', 'darkgrey', 'gainsboro', 'dimgrey', 'lightgrey']",bs-apr11-no-fracking-anywhere-2016-05-09-23-13-17-135,02
33,"['whitesmoke', 'gainsboro', 'black', 'darkgrey', 'silver']",bs-apr11-no-fracking-anywhere-2016-05-09-23-13-17-135,03
34,"['whitesmoke', 'gainsboro', 'black', 'silver', 'grey']",bs-apr11-no-fracking-anywhere-2016-05-09-23-13-17-135,04
35,"['silver', 'dimgrey', 'lavender', 'gainsboro', 'black']",bs-apr11-no-fracking-anywhere-2016-05-09-23-13-17-135,05
36,"['darkgrey', 'lavender', 'lightgrey', 'darkslategrey', 'black']",bs-apr11-no-fracking-anywhere-2016-05-09-23-13-17-135,06
37,"['darkgrey', 'lavender', 'lightgrey', 'darkslategrey', 'black']",bs-apr11-no-fracking-anywhere-2016-05-09-23-13-17-135,07
38,"['silver', 'darkgrey', 'darkslategrey', 'lightgrey', 'black']",bs-apr11-no-fracking-anywhere-2016-05-09-23-13-17-135,08
39,"['whitesmoke', 'darkslategrey', 'linen', 'darkgrey', 'lightgrey']",bs-apr11-no-fracking-anywhere-2016-05-09-23-13-17-135,09
40,"['silver', 'slategrey', 'whitesmoke', 'darkslategrey', 'gainsboro']",bs-apr11-no-fracking-anywhere-2016-05-09-23-13-17-135,10
41,"['darkgrey', 'whitesmoke', 'slategrey', 'darkslategrey', 'gainsboro']",bs-apr11-no-fracking-anywhere-2016-05-09-23-13-17-135,11
42,"['darkslategrey', 'darkgrey', 'whitesmoke', 'lightgrey', 'grey']",bs-apr11-no-fracking-anywhere-2016-05-09-23-13-17-135,12
43,"['whitesmoke', 'gainsboro', 'darkslateblue', 'grey', 'silver']",bs-apr11-no-fracking-anywhere-2016-05-09-23-13-17-135,13
44,"['darkgrey', 'darkslategrey', 'dimgrey', 'lightgrey', 'grey']",bs-apr11-no-fracking-anywhere-2016-05-09-23-13-17-135,14
45,"['grey', 'darkslategrey', 'black', 'black', 'silver']",bs-apr11-no-fracking-anywhere-2016-05-09-23-13-17-135,15
46,"['darkslategrey', 'darkgrey', 'black', 'black', 'black']",bs-apr11-no-fracking-anywhere-2016-05-09-23-13-17-135,16
47,"['silver', 'darkslategrey', 'black', 'black', 'black']",bs-apr11-no-fracking-anywhere-2016-05-09-23-13-17-135,17
48,"['thistle', 'darkslategrey', 'grey', 'silver', 'darkgrey']",bs-apr11-no-fracking-anywhere-2016-05-09-23-13-17-135,18
49,"['darkslategrey', 'black', 'black', 'grey', 'black']",bs-apr11-no-fracking-anywhere-2016-05-09-23-13-17-135,19
50,"['darkslategrey', 'black', 'black', 'grey', 'black']",bs-apr11-no-fracking-anywhere-2016-05-09-23-13-17-135,20
51,"['darkslategrey', 'black', 'grey', 'black', 'black']",bs-apr11-no-fracking-anywhere-2016-05-09-23-13-17-135,21
52,"['darkslategrey', 'gainsboro', 'lightslategrey', 'darkslategrey', 'black']",bs-apr11-no-fracking-anywhere-2016-05-09-23-13-17-135,22
53,"['darkslategrey', 'gainsboro', 'darkgrey', 'dimgrey', 'black']",bs-apr11-no-fracking-anywhere-2016-05-09-23-13-17-135,23
54,"['darkslategrey', 'darkslategrey', 'darkgrey', 'dimgrey', 'black']",bs-apr11-no-fracking-anywhere-2016-05-09-23-13-17-135,24
55,"['white', 'floralwhite', 'thistle', 'linen', 'gainsboro']",bs-apr11-no-fracking-anywhere-2016-05-09-23-13-17-135,25
56,"['darkslategrey', 'dimgrey', 'gainsboro', 'lightslategrey', 'darkslategrey']",bs-apr11-no-fracking-anywhere-2016-05-09-23-13-17-135,26
57,"['darkslategrey', 'dimgrey', 'black', 'black', 'silver']",bs-apr11-no-fracking-anywhere-2016-05-09-23-13-17-135,27
58,"['black', 'black', 'lightslategrey', 'black', 'darkslategrey']",bs-apr11-no-fracking-anywhere-2016-05-09-23-13-17-135,28
59,"['grey', 'darkslategrey', 'darkslategrey', 'lightgrey', 'black']",bs-apr11-no-fracking-anywhere-2016-05-09-23-13-17-135,29
60,"['grey', 'darkslategrey', 'darkslategrey', 'gainsboro', 'black']",bs-apr11-no-fracking-anywhere-2016-05-09-23-13-17-135,30
61,"['grey', 'darkslategrey', 'darkslategrey', 'gainsboro', 'black']",bs-apr11-no-fracking-anywhere-2016-05-09-23-13-17-135,31
62,"['black', 'black']",bs-apr14-art-of-the-steal-2016-05-09-23-13-12-208,01
63,"['grey', 'darkslategrey', 'darkslategrey', 'black', 'black']",bs-apr14-art-of-the-steal-2016-05-09-23-13-12-208,02
64,"['darkslategrey', 'darkslategrey', 'black', 'rosybrown', 'black']",bs-apr14-art-of-the-steal-2016-05-09-23-13-12-208,03
65,"['darkslategrey', 'darkslategrey', 'rosybrown', 'black', 'black']",bs-apr14-art-of-the-steal-2016-05-09-23-13-12-208,04
66,"['dimgrey', 'darkslategrey', 'black', 'black', 'black']",bs-apr14-art-of-the-steal-2016-05-09-23-13-12-208,05
67,"['linen', 'gainsboro', 'black', 'silver', 'grey']",bs-apr14-art-of-the-steal-2016-05-09-23-13-12-208,06
68,"['grey', 'linen', 'gainsboro', 'black', 'silver']",bs-apr14-art-of-the-steal-2016-05-09-23-13-12-208,07
69,"['silver', 'linen', 'dimgrey', 'gainsboro', 'black']",bs-apr14-art-of-the-steal-2016-05-09-23-13-12-208,08
70,"['silver', 'dimgrey', 'linen', 'gainsboro', 'black']",bs-apr14-art-of-the-steal-2016-05-09-23-13-12-208,09
71,"['silver', 'dimgrey', 'linen', 'gainsboro', 'black']",bs-apr14-art-of-the-steal-2016-05-09-23-13-12-208,10
72,"['silver', 'linen', 'dimgrey', 'gainsboro', 'black']",bs-apr14-art-of-the-steal-2016-05-09-23-13-12-208,11
73,"['silver', 'dimgrey', 'gainsboro', 'darkslategrey', 'black']",bs-apr14-art-of-the-steal-2016-05-09-23-13-12-208,12
74,"['silver', 'gainsboro', 'dimgrey', 'black', 'black']",bs-apr14-art-of-the-steal-2016-05-09-23-13-12-208,13
75,"['grey', 'linen', 'gainsboro', 'black', 'silver']",bs-apr14-art-of-the-steal-2016-05-09-23-13-12-208,14
76,"['linen', 'gainsboro', 'black', 'silver', 'grey']",bs-apr14-art-of-the-steal-2016-05-09-23-13-12-208,15
77,"['silver', 'linen', 'gainsboro', 'dimgrey', 'black']",bs-apr14-art-of-the-steal-2016-05-09-23-13-12-208,16
78,"['linen', 'dimgrey', 'gainsboro', 'black', 'silver']",bs-apr14-art-of-the-steal-2016-05-09-23-13-12-208,17
79,"['whitesmoke', 'gainsboro', 'black', 'silver', 'grey']",bs-apr14-art-of-the-steal-2016-05-09-23-13-12-208,18
80,"['darkslategrey', 'darkgrey', 'black', 'black', 'black']",bs-apr14-art-of-the-steal-2016-05-09-23-13-12-208,19
81,"['darkslategrey', 'black', 'lightsteelblue', 'black', 'black']",bs-apr14-art-of-the-steal-2016-05-09-23-13-12-208,20
82,"['darkgrey', 'black', 'darkslategrey', 'silver', 'black']",bs-apr14-art-of-the-steal-2016-05-09-23-13-12-208,21
83,"['darkgrey', 'black', 'black', 'darkslategrey', 'black']",bs-apr14-art-of-the-steal-2016-05-09-23-13-12-208,22
84,"['grey', 'darkslategrey', 'black', 'black', 'silver']",bs-apr14-art-of-the-steal-2016-05-09-23-13-12-208,23
85,"['darkslategrey', 'black', 'black', 'silver', 'grey']",bs-apr14-art-of-the-steal-2016-05-09-23-13-12-208,24
86,"['silver', 'darkslategrey', 'rosybrown', 'lightgrey', 'black']",bs-apr14-art-of-the-steal-2016-05-09-23-13-12-208,25
87,"['darkslategrey', 'black', 'darkgrey', 'black', 'darkslategrey']",bs-apr14-art-of-the-steal-2016-05-09-23-13-12-208,26
88,"['darkgrey', 'darkslategrey', 'black', 'black', 'darkslategrey']",bs-apr14-art-of-the-steal-2016-05-09-23-13-12-208,27
89,"['darkslategrey', 'black', 'black', 'lightslategrey', 'dimgrey']",bs-apr14-art-of-the-steal-2016-05-09-23-13-12-208,28
90,"['grey', 'darkslategrey', 'silver', 'darkslategrey', 'dimgrey']",bs-apr14-art-of-the-steal-2016-05-09-23-13-12-208,29
91,"['darkslategrey', 'black', 'dimgrey', 'black', 'rosybrown']",bs-apr14-art-of-the-steal-2016-05-09-23-13-12-208,30
92,"['darkslategrey', 'black', 'black', 'dimgrey', 'rosybrown']",bs-apr14-art-of-the-steal-2016-05-09-23-13-12-208,31
93,"['black', 'black', 'black', 'black', 'black']",bs-apr15-200thousand-2016-05-09-23-13-01-447,01
94,"['silver', 'darkslategrey', 'dimgrey', 'lightgrey', 'slategrey']",bs-apr15-200thousand-2016-05-09-23-13-01-447,02
95,"['dimgrey', 'black', 'darkslategrey', 'lightslategrey', 'silver']",bs-apr15-200thousand-2016-05-09-23-13-01-447,03
96,"['slategrey', 'darkslategrey', 'darkgrey', 'dimgrey', 'darkslategrey']",bs-apr15-200thousand-2016-05-09-23-13-01-447,04
97,"['slategrey', 'silver', 'darkslategrey', 'darkgrey', 'darkslategrey']",bs-apr15-200thousand-2016-05-09-23-13-01-447,05
98,"['slategrey', 'darkslategrey', 'darkgrey', 'darkslategrey', 'lightslategrey']",bs-apr15-200thousand-2016-05-09-23-13-01-447,06
99,"['darkslategrey', 'black', 'lightslategrey', 'darkslategrey', 'black']",bs-apr15-200thousand-2016-05-09-23-13-01-447,07
100,"['slategrey', 'darkslategrey', 'lightblue', 'black', 'black']",bs-apr15-200thousand-2016-05-09-23-13-01-447,08
101,"['lightsteelblue', 'slategrey', 'darkslategrey', 'lavender', 'black']",bs-apr15-200thousand-2016-05-09-23-13-01-447,09
102,"['darkslategrey', 'slategrey', 'black', 'lightblue', 'black']",bs-apr15-200thousand-2016-05-09-23-13-01-447,10
103,"['darkslategrey', 'silver', 'dimgrey', 'black', 'lightslategrey']",bs-apr15-200thousand-2016-05-09-23-13-01-447,11
104,"['silver', 'darkslategrey', 'dimgrey', 'lightslategrey', 'black']",bs-apr15-200thousand-2016-05-09-23-13-01-447,12
105,"['darkslategrey', 'silver', 'slategrey', 'black', 'black']",bs-apr15-200thousand-2016-05-09-23-13-01-447,13
106,"['darkslategrey', 'dimgrey', 'lightslategrey', 'black', 'darkslategrey']",bs-apr15-200thousand-2016-05-09-23-13-01-447,14
107,"['dimgrey', 'black', 'lightslategrey', 'silver', 'darkslategrey']",bs-apr15-200thousand-2016-05-09-23-13-01-447,15
108,"['dimgrey', 'darkslategrey', 'lightslategrey', 'darkslategrey', 'silver']",bs-apr15-200thousand-2016-05-09-23-13-01-447,16
109,"['silver', 'darkslategrey', 'dimgrey', 'slategrey', 'darkslategrey']",bs-apr15-200thousand-2016-05-09-23-13-01-447,17
110,"['darkslategrey', 'darkslategrey', 'dimgrey', 'darkgrey', 'darkslategrey']",bs-apr15-200thousand-2016-05-09-23-13-01-447,18
111,"['whitesmoke', 'dimgrey', 'darkslategrey', 'darkgrey', 'darkslategrey']",bs-apr15-200thousand-2016-05-09-23-13-01-447,19
112,"['whitesmoke', 'darkslategrey', 'dimgrey', 'darkgrey', 'dimgrey']",bs-apr15-200thousand-2016-05-09-23-13-01-447,20
113,"['whitesmoke', 'darkslategrey', 'dimgrey', 'darkgrey', 'darkslategrey']",bs-apr15-200thousand-2016-05-09-23-13-01-447,21
114,"['darkslategrey', 'dimgrey', 'dimgrey', 'darkslategrey', 'silver']",bs-apr15-200thousand-2016-05-09-23-13-01-447,22
115,"['darkgrey', 'slategrey', 'black', 'lightslategrey', 'darkslategrey']",bs-apr15-200thousand-2016-05-09-23-13-01-447,23
116,"['slategrey', 'darkgrey', 'black', 'lightslategrey', 'darkslategrey']",bs-apr15-200thousand-2016-05-09-23-13-01-447,24
117,"['slategrey', 'darkslategrey', 'darkslategrey', 'lightslategrey', 'lightsteelblue']",bs-apr15-200thousand-2016-05-09-23-13-01-447,25
118,"['slategrey', 'darkslategrey', 'darkslategrey', 'lightslategrey', 'lightsteelblue']",bs-apr15-200thousand-2016-05-09-23-13-01-447,26
119,"['slategrey', 'darkslategrey', 'darkslategrey', 'lightslategrey', 'lightsteelblue']",bs-apr15-200thousand-2016-05-09-23-13-01-447,27
120,"['slategrey', 'darkgrey', 'darkslategrey', 'dimgrey', 'darkslategrey']",bs-apr15-200thousand-2016-05-09-23-13-01-447,28
121,"['slategrey', 'darkslategrey', 'lightslategrey', 'darkslategrey', 'lightsteelblue']",bs-apr15-200thousand-2016-05-09-23-13-01-447,29
122,"['silver', 'dimgrey', 'darkslategrey', 'black', 'darkslategrey']",bs-apr15-200thousand-2016-05-09-23-13-01-447,30
123,"['darkslategrey', 'black', 'rosybrown', 'dimgrey', 'black']",bs-apr15-200thousand-2016-05-09-23-13-01-447,31
124,"['darkolivegreen', 'darkgrey', 'dimgrey', 'grey', 'black']",bs-apr15-27dollars-2016-05-09-23-12-58-819,01
125,"['darkolivegreen', 'darkgrey', 'dimgrey', 'grey', 'black']",bs-apr15-27dollars-2016-05-09-23-12-58-819,02
126,"['black', 'grey', 'darkolivegreen', 'grey', 'black']",bs-apr15-27dollars-2016-05-09-23-12-58-819,03
127,"['darkslategrey', 'dimgrey', 'black', 'grey', 'black']",bs-apr15-27dollars-2016-05-09-23-12-58-819,04
128,"['darkgrey', 'grey', 'lightgrey', 'darkslategrey', 'black']",bs-apr15-27dollars-2016-05-09-23-12-58-819,05
129,"['dimgrey', 'darkslategrey', 'darkolivegreen', 'silver', 'black']",bs-apr15-27dollars-2016-05-09-23-12-58-819,06
130,"['darkolivegreen', 'black', 'grey', 'darkslategrey', 'black']",bs-apr15-27dollars-2016-05-09-23-12-58-819,07
131,"['dimgrey', 'darkgrey', 'darkslategrey', 'dimgrey', 'black']",bs-apr15-27dollars-2016-05-09-23-12-58-819,08
132,"['dimgrey', 'darkgrey', 'black', 'darkolivegreen', 'black']",bs-apr15-27dollars-2016-05-09-23-12-58-819,09
133,"['darkslategrey', 'dimgrey', 'grey', 'black', 'black']",bs-apr15-27dollars-2016-05-09-23-12-58-819,10
134,"['darkolivegreen', 'darkslategrey', 'darkslategrey', 'grey', 'black']",bs-apr15-27dollars-2016-05-09-23-12-58-819,11
135,"['darkslategrey', 'darkolivegreen', 'grey', 'darkslategrey', 'black']",bs-apr15-27dollars-2016-05-09-23-12-58-819,12
136,"['black', 'dimgrey', 'black', 'black', 'black']",bs-apr15-27dollars-2016-05-09-23-12-58-819,13
137,"['dimgrey', 'black', 'darkslategrey', 'grey', 'black']",bs-apr15-27dollars-2016-05-09-23-12-58-819,14
138,"['darkgrey', 'darkslategrey', 'darkolivegreen', 'grey', 'black']",bs-apr15-27dollars-2016-05-09-23-12-58-819,15
139,"['darkslategrey', 'dimgrey', 'darkolivegreen', 'grey', 'black']",bs-apr15-27dollars-2016-05-09-23-12-58-819,16
140,"['grey', 'darkgrey', 'grey', 'darkolivegreen', 'black']",bs-apr15-27dollars-2016-05-09-23-12-58-819,17
141,"['darkslategrey', 'dimgrey', 'darkgrey', 'grey', 'black']",bs-apr15-27dollars-2016-05-09-23-12-58-819,18
142,"['darkslategrey', 'dimgrey', 'darkslategrey', 'silver', 'black']",bs-apr15-27dollars-2016-05-09-23-12-58-819,19
143,"['darkslategrey', 'dimgrey', 'darkslategrey', 'silver', 'black']",bs-apr15-27dollars-2016-05-09-23-12-58-819,20
144,"['silver', 'dimgrey', 'grey', 'darkslategrey', 'black']",bs-apr15-27dollars-2016-05-09-23-12-58-819,21
145,"['silver', 'dimgrey', 'grey', 'darkslategrey', 'black']",bs-apr15-27dollars-2016-05-09-23-12-58-819,22
146,"['silver', 'grey', 'darkslategrey', 'darkgrey', 'black']",bs-apr15-27dollars-2016-05-09-23-12-58-819,23
147,"['darkslategrey', 'dimgrey', 'darkgrey', 'grey', 'black']",bs-apr15-27dollars-2016-05-09-23-12-58-819,24
148,"['dimgrey', 'darkslategrey', 'rosybrown', 'darkolivegreen', 'black']",bs-apr15-27dollars-2016-05-09-23-12-58-819,25
149,"['darkslategrey', 'darkolivegreen', 'darkslategrey', 'dimgrey', 'black']",bs-apr15-27dollars-2016-05-09-23-12-58-819,26
150,"['dimgrey', 'darkslategrey', 'darkolivegreen', 'darkslategrey', 'black']",bs-apr15-27dollars-2016-05-09-23-12-58-819,27
151,"['darkslategrey', 'grey', 'black', 'darkolivegreen', 'black']",bs-apr15-27dollars-2016-05-09-23-12-58-819,28
152,"['darkslategrey', 'grey', 'black', 'dimgrey', 'black']",bs-apr15-27dollars-2016-05-09-23-12-58-819,29
153,"['darkslategrey', 'grey', 'black', 'dimgrey', 'black']",bs-apr15-27dollars-2016-05-09-23-12-58-819,30
154,"['darkslategrey', 'dimgrey', 'darkslategrey', 'black', 'black']",bs-apr15-27dollars-2016-05-09-23-12-58-819,31
155,"['darkslategrey', 'black', 'darkslategrey', 'silver', 'black']",bs-apr16-sons-of-new-york-2016-05-09-23-12-55-510,01
156,"['darkslategrey', 'dimgrey', 'gainsboro', 'black', 'black']",bs-apr16-sons-of-new-york-2016-05-09-23-12-55-510,02
157,"['darkslategrey', 'lightgrey', 'lightslategrey', 'black', 'black']",bs-apr16-sons-of-new-york-2016-05-09-23-12-55-510,03
158,"['darkslategrey', 'lightgrey', 'lightslategrey', 'black', 'black']",bs-apr16-sons-of-new-york-2016-05-09-23-12-55-510,04
159,"['darkslategrey', 'dimgrey', 'grey', 'silver', 'black']",bs-apr16-sons-of-new-york-2016-05-09-23-12-55-510,05
160,"['dimgrey', 'darkslategrey', 'darkgrey', 'lightgrey', 'black']",bs-apr16-sons-of-new-york-2016-05-09-23-12-55-510,06
161,"['gainsboro', 'black', 'darkgrey', 'darkslategrey', 'black']",bs-apr16-sons-of-new-york-2016-05-09-23-12-55-510,07
162,"['whitesmoke', 'darkgrey', 'black', 'dimgrey', 'black']",bs-apr16-sons-of-new-york-2016-05-09-23-12-55-510,08
163,"['darkslategrey', 'dimgrey', 'darkgrey', 'lightgrey', 'black']",bs-apr16-sons-of-new-york-2016-05-09-23-12-55-510,09
164,"['darkgrey', 'linen', 'dimgrey', 'silver', 'black']",bs-apr16-sons-of-new-york-2016-05-09-23-12-55-510,10
165,"['silver', 'whitesmoke', 'dimgrey', 'gainsboro', 'black']",bs-apr16-sons-of-new-york-2016-05-09-23-12-55-510,11
166,"['darkslategrey', 'dimgrey', 'khaki', 'grey', 'black']",bs-apr16-sons-of-new-york-2016-05-09-23-12-55-510,12
167,"['dimgrey', 'darkkhaki', 'darkslategrey', 'black', 'black']",bs-apr16-sons-of-new-york-2016-05-09-23-12-55-510,13
168,"['grey', 'darkgrey', 'darkslategrey', 'darkolivegreen', 'black']",bs-apr16-sons-of-new-york-2016-05-09-23-12-55-510,14
169,"['grey', 'darkslategrey', 'darkgrey', 'silver', 'black']",bs-apr16-sons-of-new-york-2016-05-09-23-12-55-510,15
170,"['darkslategrey', 'darkgrey', 'dimgrey', 'black', 'black']",bs-apr16-sons-of-new-york-2016-05-09-23-12-55-510,16
171,"['silver', 'grey', 'darkslategrey', 'gainsboro', 'black']",bs-apr16-sons-of-new-york-2016-05-09-23-12-55-510,17
172,"['ivory', 'palegoldenrod', 'tan', 'dimgrey', 'black']",bs-apr16-sons-of-new-york-2016-05-09-23-12-55-510,18
173,"['snow', 'palegoldenrod', 'rosybrown', 'dimgrey', 'black']",bs-apr16-sons-of-new-york-2016-05-09-23-12-55-510,19
174,"['grey', 'darkslategrey', 'gainsboro', 'black', 'black']",bs-apr16-sons-of-new-york-2016-05-09-23-12-55-510,20
175,"['grey', 'silver', 'darkslategrey', 'black', 'black']",bs-apr16-sons-of-new-york-2016-05-09-23-12-55-510,21
176,"['grey', 'darkslategrey', 'grey', 'lightgrey', 'black']",bs-apr16-sons-of-new-york-2016-05-09-23-12-55-510,22
177,"['darkslategrey', 'darkgrey', 'dimgrey', 'black', 'black']",bs-apr16-sons-of-new-york-2016-05-09-23-12-55-510,23
178,"['darkgrey', 'gainsboro', 'dimgrey', 'grey', 'black']",bs-apr16-sons-of-new-york-2016-05-09-23-12-55-510,24
179,"['darkslategrey', 'dimgrey', 'lightgrey', 'rosybrown', 'black']",bs-apr16-sons-of-new-york-2016-05-09-23-12-55-510,25
180,"['darkslategrey', 'darkgrey', 'dimgrey', 'lightgrey', 'black']",bs-apr16-sons-of-new-york-2016-05-09-23-12-55-510,26
181,"['darkslategrey', 'dimgrey', 'darkgrey', 'darkslategrey', 'black']",bs-apr16-sons-of-new-york-2016-05-09-23-12-55-510,27
182,"['silver', 'darkslategrey', 'dimgrey', 'black', 'black']",bs-apr16-sons-of-new-york-2016-05-09-23-12-55-510,28
183,"['silver', 'darkslategrey', 'dimgrey', 'black', 'black']",bs-apr16-sons-of-new-york-2016-05-09-23-12-55-510,29
184,"['darkslategrey', 'darkslategrey', 'black', 'grey', 'black']",bs-apr16-sons-of-new-york-2016-05-09-23-12-55-510,30
185,"['darkslategrey', 'darkslategrey', 'black', 'grey', 'black']",bs-apr16-sons-of-new-york-2016-05-09-23-12-55-510,31
186,"['palegoldenrod', 'olivedrab', 'darkkhaki', 'khaki', 'darkslategrey']",bs-apr25-promise-2016-05-09-23-12-52-455,01
187,"['palegoldenrod', 'darkolivegreen', 'darkkhaki', 'khaki', 'darkslategrey']",bs-apr25-promise-2016-05-09-23-12-52-455,02
188,"['tan', 'dimgrey', 'palegoldenrod', 'darkkhaki', 'darkolivegreen']",bs-apr25-promise-2016-05-09-23-12-52-455,03
189,"['oldlace', 'darkkhaki', 'palegoldenrod', 'olivedrab', 'darkolivegreen']",bs-apr25-promise-2016-05-09-23-12-52-455,04
190,"['ivory', 'darkkhaki', 'palegoldenrod', 'grey', 'darkolivegreen']",bs-apr25-promise-2016-05-09-23-12-52-455,05
191,"['darkslategrey', 'midnightblue', 'midnightblue', 'black', 'mediumpurple']",bs-apr25-promise-2016-05-09-23-12-52-455,06
192,"['darkslategrey', 'slategrey', 'black', 'darkslateblue', 'lightsteelblue']",bs-apr25-promise-2016-05-09-23-12-52-455,07
193,"['darkgrey', 'darkslategrey', 'dimgrey', 'black', 'darkslategrey']",bs-apr25-promise-2016-05-09-23-12-52-455,08
194,"['mintcream', 'darkslategrey', 'lavender', 'grey', 'silver']",bs-apr25-promise-2016-05-09-23-12-52-455,09
195,"['grey', 'darkslategrey', 'darkgrey', 'dimgrey', 'grey']",bs-apr25-promise-2016-05-09-23-12-52-455,10
196,"['oldlace', 'darkslategrey', 'darkolivegreen', 'wheat', 'rosybrown']",bs-apr25-promise-2016-05-09-23-12-52-455,11
197,"['oldlace', 'darkslategrey', 'darkolivegreen', 'wheat', 'rosybrown']",bs-apr25-promise-2016-05-09-23-12-52-455,12
198,"['mintcream', 'gainsboro', 'darkslategrey', 'grey', 'darkolivegreen']",bs-apr25-promise-2016-05-09-23-12-52-455,13
199,"['darkgrey', 'darkslategrey', 'darkslategrey', 'lightgrey', 'slategrey']",bs-apr25-promise-2016-05-09-23-12-52-455,14
200,"['saddlebrown', 'darkslategrey', 'dimgrey', 'dimgrey', 'grey']",bs-apr25-promise-2016-05-09-23-12-52-455,15
201,"['grey', 'gainsboro', 'darkslategrey', 'darkgrey', 'dimgrey']",bs-apr25-promise-2016-05-09-23-12-52-455,16
202,"['dimgrey', 'cadetblue', 'lightblue', 'grey', 'darkslategrey']",bs-apr25-promise-2016-05-09-23-12-52-455,17
203,"['darkgrey', 'dimgrey', 'black', 'silver', 'grey']",bs-apr25-promise-2016-05-09-23-12-52-455,18
204,"['darkgrey', 'black', 'dimgrey', 'lightgrey', 'grey']",bs-apr25-promise-2016-05-09-23-12-52-455,19
205,"['brown', 'maroon', 'indianred', 'black', 'black']",bs-apr25-promise-2016-05-09-23-12-52-455,20
206,"['darkgrey', 'dimgrey', 'black', 'black', 'darkslategrey']",bs-apr25-promise-2016-05-09-23-12-52-455,21
207,"['grey', 'black', 'black', 'black', 'black']",bs-apr25-promise-2016-05-09-23-12-52-455,22
208,"['darkslategrey', 'dimgrey', 'darkslategrey', 'lightblue', 'darkslategrey']",bs-apr25-promise-2016-05-09-23-12-52-455,23
209,"['darkslategrey', 'darkslategrey', 'black', 'darkslategrey', 'lightsteelblue']",bs-apr25-promise-2016-05-09-23-12-52-455,24
210,"['darkslategrey', 'steelblue', 'lavender', 'darkgrey', 'black']",bs-apr25-promise-2016-05-09-23-12-52-455,25
211,"['silver', 'darkslategrey', 'black', 'black', 'darkslategrey']",bs-apr25-promise-2016-05-09-23-12-52-455,26
212,"['gainsboro', 'darkslategrey', 'darkgrey', 'dimgrey', 'black']",bs-apr25-promise-2016-05-09-23-12-52-455,27
213,"['lightyellow', 'sienna', 'moccasin', 'darkkhaki', 'burlywood']",bs-apr25-promise-2016-05-09-23-12-52-455,28
214,"['grey', 'darkslategrey', 'antiquewhite', 'black', 'darkolivegreen']",bs-apr25-promise-2016-05-09-23-12-52-455,29
215,"['tan', 'saddlebrown', 'black', 'black', 'darkolivegreen']",bs-apr25-promise-2016-05-09-23-12-52-455,30
216,"['tan', 'saddlebrown', 'black', 'black', 'darkolivegreen']",bs-apr25-promise-2016-05-09-23-12-52-455,31
217,"['black', 'black', 'black']",bs-apr26-hes-with-us-2016-05-09-23-12-35-057,01
218,"['darkslategrey', 'black', 'darkslategrey', 'grey', 'black']",bs-apr26-hes-with-us-2016-05-09-23-12-35-057,02
219,"['darkslategrey', 'black', 'darkslategrey', 'grey', 'black']",bs-apr26-hes-with-us-2016-05-09-23-12-35-057,03
220,"['darkslategrey', 'black', 'darkslategrey', 'grey', 'black']",bs-apr26-hes-with-us-2016-05-09-23-12-35-057,04
221,"['darkslategrey', 'black', 'darkslategrey', 'grey', 'black']",bs-apr26-hes-with-us-2016-05-09-23-12-35-057,05
222,"['silver', 'darkslategrey', 'black', 'grey', 'black']",bs-apr26-hes-with-us-2016-05-09-23-12-35-057,06
223,"['silver', 'dimgrey', 'black', 'grey', 'black']",bs-apr26-hes-with-us-2016-05-09-23-12-35-057,07
224,"['darkslategrey', 'dimgrey', 'darkgrey', 'grey', 'black']",bs-apr26-hes-with-us-2016-05-09-23-12-35-057,08
225,"['darkslategrey', 'dimgrey', 'darkgrey', 'grey', 'black']",bs-apr26-hes-with-us-2016-05-09-23-12-35-057,09
226,"['grey', 'darkslategrey', 'black', 'darkslategrey', 'black']",bs-apr26-hes-with-us-2016-05-09-23-12-35-057,10
227,"['darkslategrey', 'lightgrey', 'grey', 'darkslategrey', 'black']",bs-apr26-hes-with-us-2016-05-09-23-12-35-057,11
228,"['darkslategrey', 'lightgrey', 'lightslategrey', 'darkslategrey', 'black']",bs-apr26-hes-with-us-2016-05-09-23-12-35-057,12
229,"['silver', 'dimgrey', 'rosybrown', 'black', 'black']",bs-apr26-hes-with-us-2016-05-09-23-12-35-057,13
230,"['darkgrey', 'dimgrey', 'black', 'black', 'black']",bs-apr26-hes-with-us-2016-05-09-23-12-35-057,14
231,"['silver', 'dimgrey', 'black', 'grey', 'black']",bs-apr26-hes-with-us-2016-05-09-23-12-35-057,15
232,"['darkslategrey', 'grey', 'black', 'black', 'black']",bs-apr26-hes-with-us-2016-05-09-23-12-35-057,16
233,"['darkgrey', 'black', 'darkslategrey', 'black', 'black']",bs-apr26-hes-with-us-2016-05-09-23-12-35-057,17
234,"['darkgrey', 'black', 'black', 'black', 'black']",bs-apr26-hes-with-us-2016-05-09-23-12-35-057,18
235,"['darkgrey', 'dimgrey', 'black', 'black', 'black']",bs-apr26-hes-with-us-2016-05-09-23-12-35-057,19
236,"['dimgrey', 'darkgrey', 'darkslategrey', 'black', 'black']",bs-apr26-hes-with-us-2016-05-09-23-12-35-057,20
237,"['darkslategrey', 'dimgrey', 'darkslategrey', 'black', 'black']",bs-apr26-hes-with-us-2016-05-09-23-12-35-057,21
238,"['darkslategrey', 'lavender', 'black', 'rosybrown', 'black']",bs-apr26-hes-with-us-2016-05-09-23-12-35-057,22
239,"['grey', 'darkslategrey', 'black', 'dimgrey', 'black']",bs-apr26-hes-with-us-2016-05-09-23-12-35-057,23
240,"['darkslategrey', 'black', 'dimgrey', 'lightslategrey', 'black']",bs-apr26-hes-with-us-2016-05-09-23-12-35-057,24
241,"['darkslategrey', 'black', 'dimgrey', 'lightslategrey', 'black']",bs-apr26-hes-with-us-2016-05-09-23-12-35-057,25
242,"['darkslategrey', 'grey', 'tan', 'lightgrey', 'black']",bs-apr26-hes-with-us-2016-05-09-23-12-35-057,26
243,"['darkslategrey', 'grey', 'tan', 'lightgrey', 'black']",bs-apr26-hes-with-us-2016-05-09-23-12-35-057,27
244,"['dimgrey', 'darkslategrey', 'black', 'black', 'black']",bs-apr26-hes-with-us-2016-05-09-23-12-35-057,28
245,"['dimgrey', 'black', 'black', 'black', 'black']",bs-apr26-hes-with-us-2016-05-09-23-12-35-057,29
246,"['darkslategrey', 'black', 'black', 'grey', 'black']",bs-apr26-hes-with-us-2016-05-09-23-12-35-057,30
247,"['darkslategrey', 'black', 'black', 'grey', 'black']",bs-apr26-hes-with-us-2016-05-09-23-12-35-057,31
248,"['lightsteelblue', 'dimgrey', 'black', 'gainsboro', 'black']",bs-apr3-rigged-retirement-2016-05-09-23-13-51-030,01
249,"['lightsteelblue', 'grey', 'darkslategrey', 'gainsboro', 'black']",bs-apr3-rigged-retirement-2016-05-09-23-13-51-030,02
250,"['lightsteelblue', 'grey', 'darkslategrey', 'gainsboro', 'black']",bs-apr3-rigged-retirement-2016-05-09-23-13-51-030,03
251,"['darkslategrey', 'dimgrey', 'wheat', 'black', 'black']",bs-apr3-rigged-retirement-2016-05-09-23-13-51-030,04
252,"['darkslategrey', 'grey', 'black', 'wheat', 'black']",bs-apr3-rigged-retirement-2016-05-09-23-13-51-030,05
253,"['silver', 'dimgrey', 'darkslategrey', 'grey', 'darkolivegreen']",bs-apr3-rigged-retirement-2016-05-09-23-13-51-030,06
254,"['darkslategrey', 'oldlace', 'darkkhaki', 'slategrey', 'silver']",bs-apr3-rigged-retirement-2016-05-09-23-13-51-030,07
255,"['darkslategrey', 'black', 'rosybrown', 'black', 'darkolivegreen']",bs-apr3-rigged-retirement-2016-05-09-23-13-51-030,08
256,"['thistle', 'lightsteelblue', 'black', 'lightgrey', 'grey']",bs-apr3-rigged-retirement-2016-05-09-23-13-51-030,09
257,"['silver', 'lightsteelblue', 'black', 'lightgrey', 'grey']",bs-apr3-rigged-retirement-2016-05-09-23-13-51-030,10
258,"['darkslategrey', 'darkgrey', 'black', 'black', 'black']",bs-apr3-rigged-retirement-2016-05-09-23-13-51-030,11
259,"['darkslategrey', 'darkgrey', 'black', 'black', 'black']",bs-apr3-rigged-retirement-2016-05-09-23-13-51-030,12
260,"['silver', 'dimgrey', 'darkslategrey', 'lightgrey', 'rosybrown']",bs-apr3-rigged-retirement-2016-05-09-23-13-51-030,13
261,"['darkslategrey', 'grey', 'darkgrey', 'black', 'lightgrey']",bs-apr3-rigged-retirement-2016-05-09-23-13-51-030,14
262,"['grey', 'darkslategrey', 'darkgrey', 'lightgrey', 'black']",bs-apr3-rigged-retirement-2016-05-09-23-13-51-030,15
263,"['grey', 'darkslategrey', 'darkgrey', 'lightgrey', 'black']",bs-apr3-rigged-retirement-2016-05-09-23-13-51-030,16
264,"['sienna', 'darkslategrey', 'tan', 'black', 'darkolivegreen']",bs-apr3-rigged-retirement-2016-05-09-23-13-51-030,17
265,"['tan', 'darkslategrey', 'black', 'grey', 'darkolivegreen']",bs-apr3-rigged-retirement-2016-05-09-23-13-51-030,18
266,"['white', 'grey', 'darkslategrey', 'darkgrey', 'beige']",bs-apr3-rigged-retirement-2016-05-09-23-13-51-030,19
267,"['silver', 'tan', 'darkgrey', 'dimgrey', 'rosybrown']",bs-apr3-rigged-retirement-2016-05-09-23-13-51-030,20
268,"['silver', 'tan', 'darkgrey', 'dimgrey', 'rosybrown']",bs-apr3-rigged-retirement-2016-05-09-23-13-51-030,21
269,"['snow', 'dimgrey', 'black', 'rosybrown', 'silver']",bs-apr3-rigged-retirement-2016-05-09-23-13-51-030,22
270,"['snow', 'dimgrey', 'black', 'rosybrown', 'silver']",bs-apr3-rigged-retirement-2016-05-09-23-13-51-030,23
271,"['honeydew', 'tan', 'paleturquoise', 'darkslategrey', 'darkolivegreen']",bs-apr3-rigged-retirement-2016-05-09-23-13-51-030,24
272,"['lightcyan', 'whitesmoke', 'paleturquoise', 'darkslategrey', 'darkgrey']",bs-apr3-rigged-retirement-2016-05-09-23-13-51-030,25
273,"['darkslategrey', 'dimgrey', 'palegoldenrod', 'darkkhaki', 'darkgrey']",bs-apr3-rigged-retirement-2016-05-09-23-13-51-030,26
274,"['darkslategrey', 'rosybrown', 'dimgrey', 'black', 'wheat']",bs-apr3-rigged-retirement-2016-05-09-23-13-51-030,27
275,"['dimgrey', 'darkslategrey', 'rosybrown', 'darkolivegreen', 'silver']",bs-apr3-rigged-retirement-2016-05-09-23-13-51-030,28
276,"['darkgrey', 'lightgrey', 'black', 'darkolivegreen', 'grey']",bs-apr3-rigged-retirement-2016-05-09-23-13-51-030,29
277,"['grey', 'darkgrey', 'lightgrey', 'black', 'darkolivegreen']",bs-apr3-rigged-retirement-2016-05-09-23-13-51-030,30
278,"['grey', 'darkgrey', 'lightgrey', 'black', 'darkolivegreen']",bs-apr3-rigged-retirement-2016-05-09-23-13-51-030,31
279,"['darkslategrey', 'black', 'grey', 'black', 'black']",bs-apr5-erica-2016-05-09-23-13-43-601,01
280,"['darkslategrey', 'black', 'grey', 'black', 'black']",bs-apr5-erica-2016-05-09-23-13-43-601,02
281,"['darkslategrey', 'dimgrey', 'black', 'black', 'black']",bs-apr5-erica-2016-05-09-23-13-43-601,03
282,"['darkslategrey', 'dimgrey', 'black', 'black', 'black']",bs-apr5-erica-2016-05-09-23-13-43-601,04
283,"['dimgrey', 'darkslategrey', 'black', 'black', 'black']",bs-apr5-erica-2016-05-09-23-13-43-601,05
284,"['darkslategrey', 'black', 'darkslategrey', 'black', 'black']",bs-apr5-erica-2016-05-09-23-13-43-601,06
285,"['darkslategrey', 'black', 'darkslategrey', 'black', 'black']",bs-apr5-erica-2016-05-09-23-13-43-601,07
286,"['black', 'rosybrown', 'darkslategrey', 'black', 'black']",bs-apr5-erica-2016-05-09-23-13-43-601,08
287,"['black', 'rosybrown', 'darkslategrey', 'black', 'black']",bs-apr5-erica-2016-05-09-23-13-43-601,09
288,"['black', 'rosybrown', 'darkslategrey', 'black', 'black']",bs-apr5-erica-2016-05-09-23-13-43-601,10
289,"['black', 'grey', 'black', 'darkslategrey', 'black']",bs-apr5-erica-2016-05-09-23-13-43-601,11
290,"['darkslategrey', 'black', 'grey', 'black', 'black']",bs-apr5-erica-2016-05-09-23-13-43-601,12
291,"['darkslategrey', 'black', 'grey', 'black', 'black']",bs-apr5-erica-2016-05-09-23-13-43-601,13
292,"['tan', 'black', 'darkolivegreen', 'black', 'black']",bs-apr5-erica-2016-05-09-23-13-43-601,14
293,"['sienna', 'darkslategrey', 'black', 'black', 'black']",bs-apr5-erica-2016-05-09-23-13-43-601,15
294,"['dimgrey', 'black', 'black', 'black', 'black']",bs-apr5-erica-2016-05-09-23-13-43-601,16
295,"['darkslategrey', 'dimgrey', 'black', 'black', 'black']",bs-apr5-erica-2016-05-09-23-13-43-601,17
296,"['black', 'gainsboro', 'dimgrey', 'lightslategrey', 'black']",bs-apr5-erica-2016-05-09-23-13-43-601,18
297,"['darkslategrey', 'gainsboro', 'dimgrey', 'darkgrey', 'black']",bs-apr5-erica-2016-05-09-23-13-43-601,19
298,"['darkslategrey', 'dimgrey', 'gainsboro', 'darkgrey', 'black']",bs-apr5-erica-2016-05-09-23-13-43-601,20
299,"['darkslategrey', 'dimgrey', 'gainsboro', 'darkgrey', 'black']",bs-apr5-erica-2016-05-09-23-13-43-601,21
300,"['dimgrey', 'darkslategrey', 'black', 'black', 'black']",bs-apr5-erica-2016-05-09-23-13-43-601,22
301,"['dimgrey', 'darkslategrey', 'darkgrey', 'black', 'black']",bs-apr5-erica-2016-05-09-23-13-43-601,23
302,"['dimgrey', 'black', 'black', 'black', 'black']",bs-apr5-erica-2016-05-09-23-13-43-601,24
303,"['black', 'dimgrey', 'black', 'black', 'black']",bs-apr5-erica-2016-05-09-23-13-43-601,25
304,"['grey', 'darkgrey', 'darkslategrey', 'black', 'black']",bs-apr5-erica-2016-05-09-23-13-43-601,26
305,['black'],bs-apr5-erica-2016-05-09-23-13-43-601,27
306,"['dimgrey', 'black', 'black', 'black', 'black']",bs-apr5-erica-2016-05-09-23-13-43-601,28
307,"['darkslategrey', 'dimgrey', 'black', 'black', 'black']",bs-apr5-erica-2016-05-09-23-13-43-601,29
308,"['darkslategrey', 'dimgrey', 'black', 'black', 'black']",bs-apr5-erica-2016-05-09-23-13-43-601,30
309,"['darkslategrey', 'dimgrey', 'black', 'black']",bs-apr5-erica-2016-05-09-23-13-43-601,
310,"['darkslategrey', 'dimgrey', 'black', 'black', 'black']",bs-apr5-erica-2016-05-09-23-13-43-601,31
311,"['aliceblue', 'lightcyan', 'gainsboro', 'black', 'darkslategrey']",bs-apr7-america-ny-2016-05-09-23-13-40-548,01
312,"['aliceblue', 'lightcyan', 'lightgrey', 'black', 'darkslategrey']",bs-apr7-america-ny-2016-05-09-23-13-40-548,02
313,"['darkslategrey', 'whitesmoke', 'lightcyan', 'black', 'silver']",bs-apr7-america-ny-2016-05-09-23-13-40-548,03
314,"['aliceblue', 'darkgrey', 'paleturquoise', 'darkslategrey', 'black']",bs-apr7-america-ny-2016-05-09-23-13-40-548,04
315,"['darkslategrey', 'darkslategrey', 'darkgrey', 'dimgrey', 'black']",bs-apr7-america-ny-2016-05-09-23-13-40-548,05
316,"['snow', 'floralwhite', 'darkslategrey', 'darkgrey', 'slategrey']",bs-apr7-america-ny-2016-05-09-23-13-40-548,06
317,"['darkgrey', 'darkslategrey', 'lightgrey', 'darkolivegreen', 'grey']",bs-apr7-america-ny-2016-05-09-23-13-40-548,07
318,"['beige', 'black', 'silver', 'darkolivegreen', 'grey']",bs-apr7-america-ny-2016-05-09-23-13-40-548,08
319,"['grey', 'darkgrey', 'black', 'darkslategrey', 'lightgrey']",bs-apr7-america-ny-2016-05-09-23-13-40-548,09
320,"['silver', 'lavender', 'darkslategrey', 'lightgrey', 'rosybrown']",bs-apr7-america-ny-2016-05-09-23-13-40-548,10
321,"['darkslategrey', 'rosybrown', 'black', 'black', 'black']",bs-apr7-america-ny-2016-05-09-23-13-40-548,11
322,"['silver', 'darkslategrey', 'powderblue', 'black', 'slategrey']",bs-apr7-america-ny-2016-05-09-23-13-40-548,12
323,"['snow', 'whitesmoke', 'darkslategrey', 'tan', 'darkolivegreen']",bs-apr7-america-ny-2016-05-09-23-13-40-548,13
324,"['darkgrey', 'darkslategrey', 'black', 'black', 'black']",bs-apr7-america-ny-2016-05-09-23-13-40-548,14
325,"['darkslategrey', 'gainsboro', 'darkslategrey', 'grey', 'silver']",bs-apr7-america-ny-2016-05-09-23-13-40-548,15
326,"['silver', 'grey', 'black', 'rosybrown', 'darkolivegreen']",bs-apr7-america-ny-2016-05-09-23-13-40-548,16
327,"['darkolivegreen', 'darkslategrey', 'dimgrey', 'gainsboro', 'darkgrey']",bs-apr7-america-ny-2016-05-09-23-13-40-548,17
328,"['silver', 'brown', 'darkslategrey', 'dimgrey', 'darkslategrey']",bs-apr7-america-ny-2016-05-09-23-13-40-548,18
329,"['darkslategrey', 'darkslategrey', 'darkgrey', 'dimgrey', 'black']",bs-apr7-america-ny-2016-05-09-23-13-40-548,19
330,"['black', 'darkslategrey', 'black', 'black', 'black']",bs-apr7-america-ny-2016-05-09-23-13-40-548,20
331,"['darkslategrey', 'gainsboro', 'rosybrown', 'black', 'darkolivegreen']",bs-apr7-america-ny-2016-05-09-23-13-40-548,21
332,"['darkslategrey', 'darkgrey', 'black', 'black', 'black']",bs-apr7-america-ny-2016-05-09-23-13-40-548,22
333,"['darkslategrey', 'silver', 'dimgrey', 'black', 'black']",bs-apr7-america-ny-2016-05-09-23-13-40-548,23
334,"['silver', 'dimgrey', 'darkslategrey', 'black', 'darkolivegreen']",bs-apr7-america-ny-2016-05-09-23-13-40-548,24
335,"['darkolivegreen', 'darkgrey', 'dimgrey', 'black', 'grey']",bs-apr7-america-ny-2016-05-09-23-13-40-548,25
336,"['darkslategrey', 'darkgrey', 'dimgrey', 'grey', 'grey']",bs-apr7-america-ny-2016-05-09-23-13-40-548,26
337,"['dimgrey', 'darkgrey', 'darkslategrey', 'darkolivegreen', 'darkolivegreen']",bs-apr7-america-ny-2016-05-09-23-13-40-548,27
338,"['dimgrey', 'darkslategrey', 'darkolivegreen', 'grey', 'lightgrey']",bs-apr7-america-ny-2016-05-09-23-13-40-548,28
339,"['dimgrey', 'black', 'darkolivegreen', 'grey', 'lightgrey']",bs-apr7-america-ny-2016-05-09-23-13-40-548,29
340,"['grey', 'darkslategrey', 'darkseagreen', 'darkolivegreen', 'black']",bs-apr7-america-ny-2016-05-09-23-13-40-548,30
341,"['darkslategrey', 'rosybrown', 'black', 'black', 'black']",bs-apr7-america-ny-2016-05-09-23-13-40-548,31
342,"['darkslategrey', 'black', 'grey', 'black', 'black']",bs-apr7-america-ny-2016-05-09-23-13-40-548,32
343,"['dimgrey', 'tan', 'black', 'black', 'darkolivegreen']",bs-apr7-america-ny-2016-05-09-23-13-40-548,33
344,"['darkslategrey', 'lightslategrey', 'black', 'black', 'darkslategrey']",bs-apr7-america-ny-2016-05-09-23-13-40-548,34
345,"['darkslategrey', 'dimgrey', 'black', 'darkgrey', 'darkslategrey']",bs-apr7-america-ny-2016-05-09-23-13-40-548,35
346,"['darkslategrey', 'dimgrey', 'darkgrey', 'darkslategrey', 'dimgrey']",bs-apr7-america-ny-2016-05-09-23-13-40-548,36
347,"['darkslategrey', 'dimgrey', 'darkslategrey', 'darkgrey', 'darkslategrey']",bs-apr7-america-ny-2016-05-09-23-13-40-548,37
348,"['darkslategrey', 'dimgrey', 'grey', 'darkslategrey', 'darkslategrey']",bs-apr7-america-ny-2016-05-09-23-13-40-548,38
349,"['darkslategrey', 'whitesmoke', 'lightgrey', 'black', 'grey']",bs-apr7-america-ny-2016-05-09-23-13-40-548,39
350,"['darkslategrey', 'whitesmoke', 'black', 'lightgrey', 'grey']",bs-apr7-america-ny-2016-05-09-23-13-40-548,40
351,"['darkslategrey', 'gainsboro', 'black', 'darkolivegreen', 'grey']",bs-apr7-america-ny-2016-05-09-23-13-40-548,41
352,"['grey', 'black', 'black', 'darkslategrey', 'silver']",bs-apr7-america-ny-2016-05-09-23-13-40-548,42
353,"['darkgrey', 'dimgrey', 'darkslategrey', 'black', 'darkolivegreen']",bs-apr7-america-ny-2016-05-09-23-13-40-548,43
354,"['grey', 'darkslategrey', 'black', 'darkolivegreen', 'silver']",bs-apr7-america-ny-2016-05-09-23-13-40-548,44
355,"['grey', 'darkslategrey', 'black', 'black', 'black']",bs-apr7-america-ny-2016-05-09-23-13-40-548,45
356,"['darkslategrey', 'lightslategrey', 'dimgrey', 'black', 'black']",bs-apr7-america-ny-2016-05-09-23-13-40-548,46
357,"['darkslategrey', 'dimgrey', 'rosybrown', 'silver', 'black']",bs-apr7-america-ny-2016-05-09-23-13-40-548,47
358,"['darkslategrey', 'dimgrey', 'darkgrey', 'silver', 'black']",bs-apr7-america-ny-2016-05-09-23-13-40-548,48
359,"['darkgrey', 'dimgrey', 'black', 'black', 'black']",bs-apr7-america-ny-2016-05-09-23-13-40-548,49
360,"['darkslategrey', 'black', 'dimgrey', 'black', 'black']",bs-apr7-america-ny-2016-05-09-23-13-40-548,50
361,"['darkslategrey', 'dimgrey', 'darkgrey', 'black', 'black']",bs-apr7-america-ny-2016-05-09-23-13-40-548,51
362,"['darkslategrey', 'grey', 'black', 'dimgrey', 'black']",bs-apr7-america-ny-2016-05-09-23-13-40-548,52
363,"['darkslategrey', 'dimgrey', 'black', 'black', 'black']",bs-apr7-america-ny-2016-05-09-23-13-40-548,53
364,"['darkslategrey', 'black', 'rosybrown', 'darkolivegreen', 'black']",bs-apr7-america-ny-2016-05-09-23-13-40-548,54
365,"['darkslategrey', 'black', 'darkolivegreen', 'rosybrown', 'black']",bs-apr7-america-ny-2016-05-09-23-13-40-548,55
366,"['dimgrey', 'darkslategrey', 'darkgrey', 'dimgrey', 'black']",bs-apr7-america-ny-2016-05-09-23-13-40-548,56
367,"['dimgrey', 'black', 'grey', 'black', 'darkslategrey']",bs-apr7-america-ny-2016-05-09-23-13-40-548,57
368,"['darkslategrey', 'black', 'black', 'black', 'black']",bs-apr7-america-ny-2016-05-09-23-13-40-548,58
369,"['darkslategrey', 'dimgrey', 'black', 'grey', 'lightgrey']",bs-apr7-america-ny-2016-05-09-23-13-40-548,59
370,"['darkslategrey', 'dimgrey', 'gainsboro', 'darkgrey', 'black']",bs-apr7-america-ny-2016-05-09-23-13-40-548,60
371,"['darkslategrey', 'dimgrey', 'gainsboro', 'black', 'darkgrey']",bs-apr7-america-ny-2016-05-09-23-13-40-548,61
372,['black'],bs-apr9-these-are-mothers-and-fathers-sons-and-daughters-2016-05-09-23-13-23-480,01
373,['black'],bs-apr9-these-are-mothers-and-fathers-sons-and-daughters-2016-05-09-23-13-23-480,02
374,"['darkslategrey', 'black', 'rosybrown', 'darkolivegreen', 'black']",bs-apr9-these-are-mothers-and-fathers-sons-and-daughters-2016-05-09-23-13-23-480,03
375,"['grey', 'darkolivegreen', 'tan', 'dimgrey', 'black']",bs-apr9-these-are-mothers-and-fathers-sons-and-daughters-2016-05-09-23-13-23-480,04
376,"['grey', 'darkolivegreen', 'tan', 'dimgrey', 'black']",bs-apr9-these-are-mothers-and-fathers-sons-and-daughters-2016-05-09-23-13-23-480,05
377,"['grey', 'silver', 'darkslategrey', 'black', 'darkolivegreen']",bs-apr9-these-are-mothers-and-fathers-sons-and-daughters-2016-05-09-23-13-23-480,06
378,"['grey', 'silver', 'darkslategrey', 'black', 'darkolivegreen']",bs-apr9-these-are-mothers-and-fathers-sons-and-daughters-2016-05-09-23-13-23-480,07
379,"['grey', 'silver', 'darkslategrey', 'black', 'darkolivegreen']",bs-apr9-these-are-mothers-and-fathers-sons-and-daughters-2016-05-09-23-13-23-480,08
380,"['grey', 'silver', 'darkslategrey', 'black', 'darkolivegreen']",bs-apr9-these-are-mothers-and-fathers-sons-and-daughters-2016-05-09-23-13-23-480,09
381,"['grey', 'darkslategrey', 'darkolivegreen', 'black', 'wheat']",bs-apr9-these-are-mothers-and-fathers-sons-and-daughters-2016-05-09-23-13-23-480,10
382,"['grey', 'darkslategrey', 'darkolivegreen', 'black', 'tan']",bs-apr9-these-are-mothers-and-fathers-sons-and-daughters-2016-05-09-23-13-23-480,11
383,"['silver', 'saddlebrown', 'dimgrey', 'black', 'rosybrown']",bs-apr9-these-are-mothers-and-fathers-sons-and-daughters-2016-05-09-23-13-23-480,12
384,"['silver', 'saddlebrown', 'sienna', 'black', 'rosybrown']",bs-apr9-these-are-mothers-and-fathers-sons-and-daughters-2016-05-09-23-13-23-480,13
385,"['grey', 'tan', 'darkslategrey', 'dimgrey', 'black']",bs-apr9-these-are-mothers-and-fathers-sons-and-daughters-2016-05-09-23-13-23-480,14
386,"['saddlebrown', 'black', 'rosybrown', 'dimgrey', 'black']",bs-apr9-these-are-mothers-and-fathers-sons-and-daughters-2016-05-09-23-13-23-480,15
387,"['grey', 'tan', 'darkslategrey', 'dimgrey', 'black']",bs-apr9-these-are-mothers-and-fathers-sons-and-daughters-2016-05-09-23-13-23-480,16
388,"['grey', 'darkolivegreen', 'rosybrown', 'sienna', 'black']",bs-apr9-these-are-mothers-and-fathers-sons-and-daughters-2016-05-09-23-13-23-480,17
389,"['grey', 'darkolivegreen', 'rosybrown', 'sienna', 'black']",bs-apr9-these-are-mothers-and-fathers-sons-and-daughters-2016-05-09-23-13-23-480,18
390,"['grey', 'darkslategrey', 'dimgrey', 'rosybrown', 'black']",bs-apr9-these-are-mothers-and-fathers-sons-and-daughters-2016-05-09-23-13-23-480,19
391,"['grey', 'darkslategrey', 'dimgrey', 'rosybrown', 'black']",bs-apr9-these-are-mothers-and-fathers-sons-and-daughters-2016-05-09-23-13-23-480,20
392,"['darkslategrey', 'black', 'black', 'grey', 'darkolivegreen']",bs-apr9-these-are-mothers-and-fathers-sons-and-daughters-2016-05-09-23-13-23-480,21
393,"['darkslategrey', 'black', 'black', 'grey', 'darkolivegreen']",bs-apr9-these-are-mothers-and-fathers-sons-and-daughters-2016-05-09-23-13-23-480,22
394,"['dimgrey', 'rosybrown', 'black', 'black', 'darkolivegreen']",bs-apr9-these-are-mothers-and-fathers-sons-and-daughters-2016-05-09-23-13-23-480,23
395,"['darkslategrey', 'black', 'black', 'grey', 'darkolivegreen']",bs-apr9-these-are-mothers-and-fathers-sons-and-daughters-2016-05-09-23-13-23-480,24
396,"['dimgrey', 'darkslategrey', 'rosybrown', 'darkolivegreen', 'black']",bs-apr9-these-are-mothers-and-fathers-sons-and-daughters-2016-05-09-23-13-23-480,25
397,"['grey', 'darkslategrey', 'rosybrown', 'darkolivegreen', 'black']",bs-apr9-these-are-mothers-and-fathers-sons-and-daughters-2016-05-09-23-13-23-480,26
398,"['dimgrey', 'darkslategrey', 'rosybrown', 'darkolivegreen', 'black']",bs-apr9-these-are-mothers-and-fathers-sons-and-daughters-2016-05-09-23-13-23-480,27
399,"['darkslategrey', 'black', 'black', 'grey', 'darkolivegreen']",bs-apr9-these-are-mothers-and-fathers-sons-and-daughters-2016-05-09-23-13-23-480,28
400,"['darkslategrey', 'black', 'black', 'grey', 'darkolivegreen']",bs-apr9-these-are-mothers-and-fathers-sons-and-daughters-2016-05-09-23-13-23-480,29
401,"['darkslategrey', 'darkgrey', 'dimgrey', 'black', 'black']",bs-apr9-these-are-mothers-and-fathers-sons-and-daughters-2016-05-09-23-13-23-480,30
402,"['darkslategrey', 'darkgrey', 'black', 'dimgrey', 'black']",bs-apr9-these-are-mothers-and-fathers-sons-and-daughters-2016-05-09-23-13-23-480,31
403,"['darkslategrey', 'dimgrey', 'grey', 'black', 'silver']",bs-apr9-these-are-mothers-and-fathers-sons-and-daughters-2016-05-09-23-13-23-480,32
404,['black'],bs-apr9-these-are-mothers-and-fathers-sons-and-daughters-2016-05-09-23-13-23-480,33
